Workbook
Name DATATABLE: DATABASE!$A$1:$W$41

Sheet DATABASE
A1: INDEX NO | B1: STUDENT NAME | C1: CLASS | D1: ENGLISH | E1: ENG POS | F1: MATHS | G1: MATHS POS | H1: SCIENCE | I1: SCI POS | J1: SOCIAL | K1: SOC POS | L1: RME | M1: RME POS | N1: COMPUTING | O1: COM POS | P1: CAREER | Q1: CAR POS | R1: TWI | S1: TWI POS | T1: CREATIVE | U1: CRE POS | V1: TOTAL MARKS OBTAINED | W1: POSITION IN CLASS
A2: 001 | B2: Abass Rashida | C2: FORM 1 | D2: 45 | E2: =RANK(D2,$D$2:$D$41) -> 29 | F2: 79 | G2: =RANK(F2,$F$2:$F$41) -> 8 | H2: 26 | I2: =RANK(H2,$H$2:$H$41) -> 37 | J2: 59 | K2: =RANK(J2,$J$2:$J$41) -> 23 | L2: 55 | M2: =RANK(L2,$L$2:$L$41) -> 19 | N2: 41 | O2: =RANK(N2,$N$2:$N$41) -> 34 | P2: 59 | Q2: =RANK(P2,$P$2:$P$41) -> 22 | R2: 87 | S2: =RANK(R2,$R$2:$R$41) -> 6 | T2: 45 | U2: =RANK(T2,$T$2:$T$41) -> 29 | V2: =SUM(D2,F2,H2,J2,L2,N2,P2,R2,T2) -> 496 | W2: =RANK(V2,$V$2:$V$41) -> 34
A3: 002 | B3: Abdul Aziz Ahmed | C3: FORM 1 | D3: 25 | E3: =RANK(D3,$D$2:$D$41) -> 39 | F3: 75 | G3: =RANK(F3,$F$2:$F$41) -> 11 | H3: 68 | I3: =RANK(H3,$H$2:$H$41) -> 21 | J3: 95 | K3: =RANK(J3,$J$2:$J$41) -> 4 | L3: 45 | M3: =RANK(L3,$L$2:$L$41) -> 24 | N3: 23 | O3: =RANK(N3,$N$2:$N$41) -> 39 | P3: 95 | Q3: =RANK(P3,$P$2:$P$41) -> 4 | R3: 45 | S3: =RANK(R3,$R$2:$R$41) -> 28 | T3: 69 | U3: =RANK(T3,$T$2:$T$41) -> 21 | V3: =SUM(D3,F3,H3,J3,L3,N3,P3,R3,T3) -> 540 | W3: =RANK(V3,$V$2:$V$41) -> 26
A4: 003 | B4: Abdul Karim Hassan | C4: FORM 1 | D4: 45 | E4: =RANK(D4,$D$2:$D$41) -> 29 | F4: 73 | G4: =RANK(F4,$F$2:$F$41) -> 12 | H4: 84 | I4: =RANK(H4,$H$2:$H$41) -> 9 | J4: 95 | K4: =RANK(J4,$J$2:$J$41) -> 4 | L4: 25 | M4: =RANK(L4,$L$2:$L$41) -> 37 | N4: 69 | O4: =RANK(N4,$N$2:$N$41) -> 18 | P4: 95 | Q4: =RANK(P4,$P$2:$P$41) -> 4 | R4: 65 | S4: =RANK(R4,$R$2:$R$41) -> 20 | T4: 87 | U4: =RANK(T4,$T$2:$T$41) -> 9 | V4: =SUM(D4,F4,H4,J4,L4,N4,P4,R4,T4) -> 638 | W4: =RANK(V4,$V$2:$V$41) -> 5
A5: 004 | B5: Abdul Rahman Issah | C5: FORM 1 | D5: 69 | E5: =RANK(D5,$D$2:$D$41) -> 17 | F5: 35 | G5: =RANK(F5,$F$2:$F$41) -> 35 | H5: 42 | I5: =RANK(H5,$H$2:$H$41) -> 31 | J5: 96 | K5: =RANK(J5,$J$2:$J$41) -> 3 | L5: 45 | M5: =RANK(L5,$L$2:$L$41) -> 24 | N5: 98 | O5: =RANK(N5,$N$2:$N$41) -> 1 | P5: 96 | Q5: =RANK(P5,$P$2:$P$41) -> 3 | R5: 52 | S5: =RANK(R5,$R$2:$R$41) -> 26 | T5: 41 | U5: =RANK(T5,$T$2:$T$41) -> 33 | V5: =SUM(D5,F5,H5,J5,L5,N5,P5,R5,T5) -> 574 | W5: =RANK(V5,$V$2:$V$41) -> 21
A6: 005 | B6: Abdul Rashid Abass | C6: FORM 1 | D6: 87 | E6: =RANK(D6,$D$2:$D$41) -> 8 | F6: 37 | G6: =RANK(F6,$F$2:$F$41) -> 34 | H6: 65 | I6: =RANK(H6,$H$2:$H$41) -> 23 | J6: 93 | K6: =RANK(J6,$J$2:$J$41) -> 6 | L6: 69 | M6: =RANK(L6,$L$2:$L$41) -> 13 | N6: 87 | O6: =RANK(N6,$N$2:$N$41) -> 9 | P6: 93 | Q6: =RANK(P6,$P$2:$P$41) -> 6 | R6: 84 | S6: =RANK(R6,$R$2:$R$41) -> 11 | T6: 23 | U6: =RANK(T6,$T$2:$T$41) -> 39 | V6: =SUM(D6,F6,H6,J6,L6,N6,P6,R6,T6) -> 638 | W6: =RANK(V6,$V$2:$V$41) -> 5
A7: 006 | B7: Abdul Shakar Abass Inaayah | C7: FORM 1 | D7: 41 | E7: =RANK(D7,$D$2:$D$41) -> 33 | F7: 26 | G7: =RANK(F7,$F$2:$F$41) -> 36 | H7: 64 | I7: =RANK(H7,$H$2:$H$41) -> 25 | J7: 98 | K7: =RANK(J7,$J$2:$J$41) -> 1 | L7: 87 | M7: =RANK(L7,$L$2:$L$41) -> 3 | N7: 45 | O7: =RANK(N7,$N$2:$N$41) -> 29 | P7: 98 | Q7: =RANK(P7,$P$2:$P$41) -> 1 | R7: 42 | S7: =RANK(R7,$R$2:$R$41) -> 33 | T7: 69 | U7: =RANK(T7,$T$2:$T$41) -> 21 | V7: =SUM(D7,F7,H7,J7,L7,N7,P7,R7,T7) -> 570 | W7: =RANK(V7,$V$2:$V$41) -> 23
A8: 007 | B8: Abdullah Salma | C8: FORM 1 | D8: 23 | E8: =RANK(D8,$D$2:$D$41) -> 40 | F8: 68 | G8: =RANK(F8,$F$2:$F$41) -> 17 | H8: 55 | I8: =RANK(H8,$H$2:$H$41) -> 26 | J8: 89 | K8: =RANK(J8,$J$2:$J$41) -> 7 | L8: 41 | M8: =RANK(L8,$L$2:$L$41) -> 30 | N8: 65 | O8: =RANK(N8,$N$2:$N$41) -> 21 | P8: 89 | Q8: =RANK(P8,$P$2:$P$41) -> 7 | R8: 65 | S8: =RANK(R8,$R$2:$R$41) -> 20 | T8: 89 | U8: =RANK(T8,$T$2:$T$41) -> 7 | V8: =SUM(D8,F8,H8,J8,L8,N8,P8,R8,T8) -> 584 | W8: =RANK(V8,$V$2:$V$41) -> 20
A9: 008 | B9: Abdullai Abena Hamaamat | C9: FORM 1 | D9: 69 | E9: =RANK(D9,$D$2:$D$41) -> 17 | F9: 78 | G9: =RANK(F9,$F$2:$F$41) -> 10 | H9: 69 | I9: =RANK(H9,$H$2:$H$41) -> 19 | J9: 87 | K9: =RANK(J9,$J$2:$J$41) -> 8 | L9: 23 | M9: =RANK(L9,$L$2:$L$41) -> 39 | N9: 52 | O9: =RANK(N9,$N$2:$N$41) -> 27 | P9: 87 | Q9: =RANK(P9,$P$2:$P$41) -> 8 | R9: 64 | S9: =RANK(R9,$R$2:$R$41) -> 23 | T9: 87 | U9: =RANK(T9,$T$2:$T$41) -> 9 | V9: =SUM(D9,F9,H9,J9,L9,N9,P9,R9,T9) -> 616 | W9: =RANK(V9,$V$2:$V$41) -> 11
A10: 009 | B10: Abubakar Mugees | C10: FORM 1 | D10: 98 | E10: =RANK(D10,$D$2:$D$41) -> 1 | F10: 79 | G10: =RANK(F10,$F$2:$F$41) -> 8 | H10: 87 | I10: =RANK(H10,$H$2:$H$41) -> 6 | J10: 78 | K10: =RANK(J10,$J$2:$J$41) -> 13 | L10: 69 | M10: =RANK(L10,$L$2:$L$41) -> 13 | N10: 84 | O10: =RANK(N10,$N$2:$N$41) -> 13 | P10: 78 | Q10: =RANK(P10,$P$2:$P$41) -> 13 | R10: 55 | S10: =RANK(R10,$R$2:$R$41) -> 25 | T10: 78 | U10: =RANK(T10,$T$2:$T$41) -> 16 | V10: =SUM(D10,F10,H10,J10,L10,N10,P10,R10,T10) -> 706 | W10: =RANK(V10,$V$2:$V$41) -> 1
A11: 010 | B11: Abubakar Najat | C11: FORM 1 | D11: 87 | E11: =RANK(D11,$D$2:$D$41) -> 8 | F11: 45 | G11: =RANK(F11,$F$2:$F$41) -> 25 | H11: 41 | I11: =RANK(H11,$H$2:$H$41) -> 32 | J11: 79 | K11: =RANK(J11,$J$2:$J$41) -> 12 | L11: 98 | M11: =RANK(L11,$L$2:$L$41) -> 1 | N11: 42 | O11: =RANK(N11,$N$2:$N$41) -> 33 | P11: 79 | Q11: =RANK(P11,$P$2:$P$41) -> 12 | R11: 45 | S11: =RANK(R11,$R$2:$R$41) -> 28 | T11: 79 | U11: =RANK(T11,$T$2:$T$41) -> 14 | V11: =SUM(D11,F11,H11,J11,L11,N11,P11,R11,T11) -> 595 | W11: =RANK(V11,$V$2:$V$41) -> 16
A12: 011 | B12: Acheampomaa Duah Princess | C12: FORM 1 | D12: 45 | E12: =RANK(D12,$D$2:$D$41) -> 29 | F12: 25 | G12: =RANK(F12,$F$2:$F$41) -> 37 | H12: 23 | I12: =RANK(H12,$H$2:$H$41) -> 40 | J12: 75 | K12: =RANK(J12,$J$2:$J$41) -> 14 | L12: 87 | M12: =RANK(L12,$L$2:$L$41) -> 3 | N12: 65 | O12: =RANK(N12,$N$2:$N$41) -> 21 | P12: 75 | Q12: =RANK(P12,$P$2:$P$41) -> 14 | R12: 25 | S12: =RANK(R12,$R$2:$R$41) -> 38 | T12: 75 | U12: =RANK(T12,$T$2:$T$41) -> 18 | V12: =SUM(D12,F12,H12,J12,L12,N12,P12,R12,T12) -> 495 | W12: =RANK(V12,$V$2:$V$41) -> 35
A13: 012 | B13: Acheampong Amponsah Morris | C13: FORM 1 | D13: 65 | E13: =RANK(D13,$D$2:$D$41) -> 20 | F13: 45 | G13: =RANK(F13,$F$2:$F$41) -> 25 | H13: 69 | I13: =RANK(H13,$H$2:$H$41) -> 19 | J13: 73 | K13: =RANK(J13,$J$2:$J$41) -> 16 | L13: 45 | M13: =RANK(L13,$L$2:$L$41) -> 24 | N13: 64 | O13: =RANK(N13,$N$2:$N$41) -> 24 | P13: 73 | Q13: =RANK(P13,$P$2:$P$41) -> 15 | R13: 45 | S13: =RANK(R13,$R$2:$R$41) -> 28 | T13: 59 | U13: =RANK(T13,$T$2:$T$41) -> 26 | V13: =SUM(D13,F13,H13,J13,L13,N13,P13,R13,T13) -> 538 | W13: =RANK(V13,$V$2:$V$41) -> 27
... A41: 040 | B41: Agyemang Baffour Chris | C41: FORM 1 | D41: 55 | E41: =RANK(D41,$D$2:$D$41) -> 24 | F41: 47 | G41: =RANK(F41,$F$2:$F$41) -> 24 | H41: 37 | I41: =RANK(H41,$H$2:$H$41) -> 33 | J41: 51 | K41: =RANK(J41,$J$2:$J$41) -> 27 | L41: 87 | M41: =RANK(L41,$L$2:$L$41) -> 3 | N41: 37 | O41: =RANK(N41,$N$2:$N$41) -> 36 | P41: 25 | Q41: =RANK(P41,$P$2:$P$41) -> 38 | R41: 52 | S41: =RANK(R41,$R$2:$R$41) -> 26 | T41: 54 | U41: =RANK(T41,$T$2:$T$41) -> 27 | V41: =SUM(D41,F41,H41,J41,L41,N41,P41,R41,T41) -> 445 | W41: =RANK(V41,$V$2:$V$41) -> 37

Sheet REPORT
B1: DECENCY JUNIOR HIGH SCHOOL
A3: P.O BOX AH 8787 KUMASI
A4: REPORT CARD
B7: INDEX NO | C7: : | D7: 037 | G7: POSITION IN CLASS | H7: : | I7: =VLOOKUP($D$7,DATATABLE,MATCH(G7,DATABASE!$A$1:$W$1,0),0) -> 10
B8: STUDENT NAME | C8: : | D8: =VLOOKUP($D$7,DATATABLE,MATCH(B8,DATABASE!$A$1:$W$1,0),0) -> Agyei Gyamfi Nana Jerry | G8: NUNBER ON ROLL | H8: : | I8: 40
B9: CLASS | C9: : | D9: =VLOOKUP($D$7,DATATABLE,MATCH(B9,DATABASE!$A$1:$W$1,0),0) -> FORM 1 | G9: PROMOTED TO | H9: :
B10: NEXT TERM BEGINS | C10: : | D10: 4TH MAY, 2026 | G10: ACADEMIC TERM ONE
C11: :
D12: SUBJECT | E12: MARKS OBTAINED | G12: SUBJECT POSITION | I12: REMARKS | J12: GRADE
D13: ENGLISH | E13: =VLOOKUP($D$7,DATATABLE,MATCH(D13,DATABASE!$A$1:$W$1,0),0) -> 42 | F13: ENG POS | G13: =VLOOKUP($D$7,DATATABLE,MATCH(F13,DATABASE!$A$1:$W$1,0),0) -> 32 | I13: =IF(E13>89.9,"DISTINCTION",IF(E13>79.9,"EXCELLENT",IF(E13>69.9,"VERY GOOD",IF(E13>64.9,"GOOD",IF(E13>59.9,"CREDIT",IF(E13>54.9,"CREDIT",IF(E13>49.9,"PASS",IF(E13>39.9,"PASS",IF(E13>0,"FAIL",IF(E13=0,"N/A",)))))))))) -> PASS | J13: =IF(E13>75,"A1",IF(E13>70,"B2",IF(E13>60,"B3",IF(E13>55,"C4",IF(E13>50,"C5",IF(E13>45,"C6",IF(E13>40,"D7",IF(E13>35,"E8",IF(E13>0,"F9",IF(D11=0,"N/A",)))))))))) -> D7
D14: MATHS | E14: =VLOOKUP($D$7,DATATABLE,MATCH(D14,DATABASE!$A$1:$W$1,0),0) -> 87 | F14: MATHS POS | G14: =VLOOKUP($D$7,DATATABLE,MATCH(F14,DATABASE!$A$1:$W$1,0),0) -> 3 | I14: =IF(E14>89.9,"DISTINCTION",IF(E14>79.9,"EXCELLENT",IF(E14>69.9,"VERY GOOD",IF(E14>64.9,"GOOD",IF(E14>59.9,"CREDIT",IF(E14>54.9,"CREDIT",IF(E14>49.9,"PASS",IF(E14>39.9,"PASS",IF(E14>0,"FAIL",IF(E14=0,"N/A",)))))))))) -> EXCELLENT | J14: =IF(E14>75,"A1",IF(E14>70,"B2",IF(E14>60,"B3",IF(E14>55,"C4",IF(E14>50,"C5",IF(E14>45,"C6",IF(E14>40,"D7",IF(E14>35,"E8",IF(E14>0,"F9",IF(D12=0,"N/A",)))))))))) -> A1
D15: SCIENCE | E15: =VLOOKUP($D$7,DATATABLE,MATCH(D15,DATABASE!$A$1:$W$1,0),0) -> 75 | F15: SCI POS | G15: =VLOOKUP($D$7,DATATABLE,MATCH(F15,DATABASE!$A$1:$W$1,0),0) -> 15 | I15: =IF(E15>89.9,"DISTINCTION",IF(E15>79.9,"EXCELLENT",IF(E15>69.9,"VERY GOOD",IF(E15>64.9,"GOOD",IF(E15>59.9,"CREDIT",IF(E15>54.9,"CREDIT",IF(E15>49.9,"PASS",IF(E15>39.9,"PASS",IF(E15>0,"FAIL",IF(E15=0,"N/A",)))))))))) -> VERY GOOD | J15: =IF(E15>75,"A1",IF(E15>70,"B2",IF(E15>60,"B3",IF(E15>55,"C4",IF(E15>50,"C5",IF(E15>45,"C6",IF(E15>40,"D7",IF(E15>35,"E8",IF(E15>0,"F9",IF(D13=0,"N/A",)))))))))) -> B2
D16: SOCIAL STUDIES | E16: =VLOOKUP($D$7,DATATABLE,MATCH(D16,DATABASE!$A$1:$W$1,0),0) -> #N/A | F16: SOC POS | G16: =VLOOKUP($D$7,DATATABLE,MATCH(F16,DATABASE!$A$1:$W$1,0),0) -> 28 | I16: =IF(E16>89.9,"DISTINCTION",IF(E16>79.9,"EXCELLENT",IF(E16>69.9,"VERY GOOD",IF(E16>64.9,"GOOD",IF(E16>59.9,"CREDIT",IF(E16>54.9,"CREDIT",IF(E16>49.9,"PASS",IF(E16>39.9,"PASS",IF(E16>0,"FAIL",IF(E16=0,"N/A",)))))))))) -> #N/A | J16: =IF(E16>75,"A1",IF(E16>70,"B2",IF(E16>60,"B3",IF(E16>55,"C4",IF(E16>50,"C5",IF(E16>45,"C6",IF(E16>40,"D7",IF(E16>35,"E8",IF(E16>0,"F9",IF(D14=0,"N/A",)))))))))) -> #N/A
D17: RME | E17: =VLOOKUP($D$7,DATATABLE,MATCH(D17,DATABASE!$A$1:$W$1,0),0) -> 98 | F17: RME POS | G17: =VLOOKUP($D$7,DATATABLE,MATCH(F17,DATABASE!$A$1:$W$1,0),0) -> 1 | I17: =IF(E17>89.9,"DISTINCTION",IF(E17>79.9,"EXCELLENT",IF(E17>69.9,"VERY GOOD",IF(E17>64.9,"GOOD",IF(E17>59.9,"CREDIT",IF(E17>54.9,"CREDIT",IF(E17>49.9,"PASS",IF(E17>39.9,"PASS",IF(E17>0,"FAIL",IF(E17=0,"N/A",)))))))))) -> DISTINCTION | J17: =IF(E17>75,"A1",IF(E17>70,"B2",IF(E17>60,"B3",IF(E17>55,"C4",IF(E17>50,"C5",IF(E17>45,"C6",IF(E17>40,"D7",IF(E17>35,"E8",IF(E17>0,"F9",IF(D15=0,"N/A",)))))))))) -> A1
D18: COMPUTING | E18: =VLOOKUP($D$7,DATATABLE,MATCH(D18,DATABASE!$A$1:$W$1,0),0) -> 75 | F18: COM POS | G18: =VLOOKUP($D$7,DATATABLE,MATCH(F18,DATABASE!$A$1:$W$1,0),0) -> 16 | I18: =IF(E18>89.9,"DISTINCTION",IF(E18>79.9,"EXCELLENT",IF(E18>69.9,"VERY GOOD",IF(E18>64.9,"GOOD",IF(E18>59.9,"CREDIT",IF(E18>54.9,"CREDIT",IF(E18>49.9,"PASS",IF(E18>39.9,"PASS",IF(E18>0,"FAIL",IF(E18=0,"N/A",)))))))))) -> VERY GOOD | J18: =IF(E18>75,"A1",IF(E18>70,"B2",IF(E18>60,"B3",IF(E18>55,"C4",IF(E18>50,"C5",IF(E18>45,"C6",IF(E18>40,"D7",IF(E18>35,"E8",IF(E18>0,"F9",IF(D16=0,"N/A",)))))))))) -> B2
D19: CAREER | E19: =VLOOKUP($D$7,DATATABLE,MATCH(D19,DATABASE!$A$1:$W$1,0),0) -> #N/A | F19: CAR POS | G19: =VLOOKUP($D$7,DATATABLE,MATCH(F19,DATABASE!$A$1:$W$1,0),0) -> 21 | I19: =IF(E19>89.9,"DISTINCTION",IF(E19>79.9,"EXCELLENT",IF(E19>69.9,"VERY GOOD",IF(E19>64.9,"GOOD",IF(E19>59.9,"CREDIT",IF(E19>54.9,"CREDIT",IF(E19>49.9,"PASS",IF(E19>39.9,"PASS",IF(E19>0,"FAIL",IF(E19=0,"N/A",)))))))))) -> #N/A | J19: =IF(E19>75,"A1",IF(E19>70,"B2",IF(E19>60,"B3",IF(E19>55,"C4",IF(E19>50,"C5",IF(E19>45,"C6",IF(E19>40,"D7",IF(E19>35,"E8",IF(E19>0,"F9",IF(D17=0,"N/A",)))))))))) -> #N/A
D20: TWI | E20: =VLOOKUP($D$7,DATATABLE,MATCH(D20,DATABASE!$A$1:$W$1,0),0) -> 65 | F20: TWI POS | G20: =VLOOKUP($D$7,DATATABLE,MATCH(F20,DATABASE!$A$1:$W$1,0),0) -> 20 | I20: =IF(E20>89.9,"DISTINCTION",IF(E20>79.9,"EXCELLENT",IF(E20>69.9,"VERY GOOD",IF(E20>64.9,"GOOD",IF(E20>59.9,"CREDIT",IF(E20>54.9,"CREDIT",IF(E20>49.9,"PASS",IF(E20>39.9,"PASS",IF(E20>0,"FAIL",IF(E20=0,"N/A",)))))))))) -> GOOD | J20: =IF(E20>75,"A1",IF(E20>70,"B2",IF(E20>60,"B3",IF(E20>55,"C4",IF(E20>50,"C5",IF(E20>45,"C6",IF(E20>40,"D7",IF(E20>35,"E8",IF(E20>0,"F9",IF(D18=0,"N/A",)))))))))) -> B3
D21: CREATIVE | E21: =VLOOKUP($D$7,DATATABLE,MATCH(D21,DATABASE!$A$1:$W$1,0),0) -> #N/A | F21: CRE POS | G21: =VLOOKUP($D$7,DATATABLE,MATCH(F21,DATABASE!$A$1:$W$1,0),0) -> 25 | I21: =IF(E21>89.9,"DISTINCTION",IF(E21>79.9,"EXCELLENT",IF(E21>69.9,"VERY GOOD",IF(E21>64.9,"GOOD",IF(E21>59.9,"CREDIT",IF(E21>54.9,"CREDIT",IF(E21>49.9,"PASS",IF(E21>39.9,"PASS",IF(E21>0,"FAIL",IF(E21=0,"N/A",)))))))))) -> #N/A | J21: =IF(E21>75,"A1",IF(E21>70,"B2",IF(E21>60,"B3",IF(E21>55,"C4",IF(E21>50,"C5",IF(E21>45,"C6",IF(E21>40,"D7",IF(E21>35,"E8",IF(E21>0,"F9",IF(D19=0,"N/A",)))))))))) -> #N/A
D22: TOTAL MARKS OBTAINED | E22: =VLOOKUP($D$7,DATATABLE,MATCH(D22,DATABASE!$A$1:$W$1,0),0) -> 618
B24: CLASS TEACHER'S REMARKS | C24: : | D24: =IF(E22>900,"EXCELLENT WORK",IF(E22>800,"GOOD KEEP IT UP",IF(E22>700,"COULD DO BETTER THAN THIS",IF(E22>600,"STILL ROOM FOR IMPROVEMENT",IF(E22>500,"MORE ROOM FOR IMPROVEMENT",IF(E22>400,"MUST SIT UP AND LEARN",IF(E22>300,"NEEDS TO PUT IN MUCH EFFORT BOTH AT HOME AND SCHOOL",IF(E22>300,"REALLY NEEDS HELP TO BACK UP",IF(E22>200,"SERIOUSLY NEEDS AN INTERVENTION IN ALL SUBJECTS",IF(E22>100,"MUST SEE THE HEADTEACHER FOR A THROUGH DISCUSSIONS")))))))))) -> STILL ROOM FOR IMPROVEMENT | G24: GRADING INTEPRETATION
B25: HEADMASTER'S SIGN | C25: : | G25: 100-75 | I25: A1
G26: 75-70 | I26: B2
G27: 70-60 | I27: B3
G28: 60-55 | I28: C4
G29: 55-50 | I29: C5
G30: 50-45 | I30: C6
G31: 45-40 | I31: D7
G32: 40-35 | I32: E8
G33: 35-0 | I33: F9
